List_Type,name,team,position,Years_Exp,Proj_Goals_30g,Proj_Assists_30g,Proj_Goals_82g,Proj_Assists_82g,playerId,season,4on5_goals,5on4_goals,5on5_goals,all_goals,4on5_hits,5on4_hits,5on5_hits,all_hits,4on5_points,5on4_points,5on5_points,all_points,4on5_primaryAssists,5on4_primaryAssists,5on5_primaryAssists,all_primaryAssists,4on5_shotAttempts,5on4_shotAttempts,5on5_shotAttempts,all_shotAttempts,4on5_xGoals,5on4_xGoals,5on5_xGoals,all_xGoals,4on5_icetime,5on4_icetime,5on5_icetime,all_icetime,4on5_blocks,5on4_blocks,5on5_blocks,all_blocks,all_assists,all_icetime_mins,all_goals_p60,all_assists_p60,all_points_p60,5on5_xGoals_p60,5on4_points_p60,all_hits_p60,all_blocks_p60,all_shots_p60,Cluster,games_played,Mins_Per_Game,Pred_Goals_p60,Pred_Assists_p60
Rookies (1 - 3 Years) - Goals (30 Games),Macklin Celebrini,SJS,C,1,12.178151228387419,15.269499458008765,33.28694669092561,41.73663185189062,8484801,2024,0.0,7.0,16.0,25.0,1.0,2.0,34.0,37.0,0.0,15.0,36.0,63.0,0.0,2.0,13.0,18.0,0.0,111.0,283.0,457.0,0.0,5.55,14.87,23.32,614.0,12128.0,64839.0,83110.0,0.0,0.0,50.0,53.0,38.0,1385.1666666666667,1.0829021778366021,1.6460113103116352,2.7289134881482373,0.8256142136676999,4.452506596306069,1.6026952231981713,2.2957526170135965,19.795451810853088,4,70,19.788095238095238,1.230856338809461,1.543301593638234
Rookies (1 - 3 Years) - Goals (30 Games),Dylan Guenther,UTA,R,3,11.928242944093995,13.868993817792198,32.60386404719026,37.90858310196534,8482699,2024,0.0,11.0,11.0,27.0,0.0,1.0,50.0,53.0,0.0,24.0,25.0,60.0,0.0,6.0,8.0,18.0,0.0,101.0,307.0,450.0,0.0,7.9,10.96,23.81,799.0,13542.0,53915.0,71388.0,0.0,0.0,37.0,42.0,33.0,1189.8,1.361573373676248,1.6641452344931922,3.02571860816944,0.7318186033571363,6.380150642445725,2.6727181038830055,2.1180030257186084,22.692889561270803,4,70,16.997142857142858,1.403558591505429,1.6319206038753638
Rookies (1 - 3 Years) - Goals (30 Games),Kirill Marchenko,CBJ,R,3,11.521420450043527,15.607975224230696,31.491882563452304,42.66179894623057,8480893,2024,0.0,2.0,24.0,31.0,0.0,7.0,47.0,55.0,0.0,18.0,46.0,74.0,0.0,11.0,15.0,29.0,0.0,85.0,315.0,434.0,0.0,3.15,12.78,20.45,312.0,11731.0,72316.0,88084.0,0.0,0.0,36.0,38.0,43.0,1468.0666666666666,1.2669724354025702,1.757413378139049,3.0243858135416195,0.6362077548536976,5.523825760804705,2.247854320875528,1.553062985332183,17.737614095635983,4,79,18.583122362869197,1.2399875785206464,1.6798011571421256
Rookies (1 - 3 Years) - Goals (30 Games),Wyatt Johnston,DAL,C,3,11.041361527167084,12.115887598299416,30.179721507590028,33.11675943535174,8482740,2024,2.0,11.0,18.0,33.0,1.0,1.0,42.0,45.0,2.0,24.0,39.0,71.0,0.0,9.0,13.0,25.0,15.0,101.0,249.0,389.0,1.3,9.78,16.06,29.88,6995.0,14705.0,66951.0,93115.0,0.0,5.0,38.0,47.0,38.0,1551.9166666666667,1.2758417011222682,1.4691510497771572,2.744992750899425,0.8635569296948514,5.875552533151989,1.739784137894002,1.8171078773559577,15.039467325350373,4,82,18.92581300813008,1.1668044614436353,1.2803558392016994
Rookies (1 - 3 Years) - Goals (30 Games),Adam Fantilli,CBJ,C,2,10.266095448644496,11.628062938252521,28.060660892961625,31.783372031223557,8484166,2024,1.0,2.0,25.0,31.0,0.0,0.0,113.0,113.0,2.0,4.0,44.0,54.0,1.0,0.0,12.0,14.0,3.0,48.0,300.0,394.0,0.32,1.71,11.23,18.59,1319.0,7200.0,73658.0,85991.0,0.0,0.0,52.0,56.0,23.0,1433.1833333333334,1.2978102359549255,0.9628914653859125,2.260701701340838,0.5488609519671999,2.0,4.730727634287309,2.344431393983091,16.49474945052389,1,82,17.477845528455287,1.174755255953086,1.3306059856543684
Rookies (1 - 3 Years) - Goals (30 Games),Dylan Holloway,STL,L,3,9.434772767054032,13.77744083404288,25.788378896614354,37.658338279717206,8482077,2024,0.0,6.0,16.0,26.0,0.0,5.0,158.0,165.0,0.0,13.0,42.0,63.0,0.0,3.0,17.0,21.0,1.0,48.0,258.0,336.0,0.03,4.55,12.51,20.34,1025.0,7409.0,66312.0,77729.0,0.0,1.0,49.0,50.0,37.0,1295.4833333333333,1.20418376667653,1.7136461295012158,2.9178298961777456,0.6791530944625407,6.316641921986773,7.641935442370285,2.3157380128394807,15.561759446281313,4,77,16.824458874458873,1.1215543795440475,1.6377870975640523
Rookies (1 - 3 Years) - Goals (30 Games),Connor Bedard,CHI,C,2,9.055573840591135,15.343598469261796,24.7519018309491,41.939169149315575,8484144,2024,0.0,11.0,11.0,23.0,0.0,1.0,46.0,47.0,0.0,24.0,35.0,67.0,0.0,4.0,21.0,28.0,0.0,80.0,282.0,402.0,0.0,4.14,13.21,19.09,208.0,11804.0,82425.0,99805.0,0.0,0.0,37.0,37.0,44.0,1663.4166666666667,0.829617754621512,1.58709483492811,2.416712589549622,0.576960873521383,7.319552694002033,1.6953058464004809,1.3346024748259107,14.50027553729773,4,82,20.285569105691057,0.8928094443306124,1.5127599713194337
Rookies (1 - 3 Years) - Goals (30 Games),Matvei Michkov,PHI,R,1,9.036585268053164,12.778537264300343,24.69999973267865,34.928001855754275,8484387,2024,0.0,6.0,15.0,26.0,0.0,1.0,27.0,29.0,0.0,13.0,40.0,63.0,0.0,5.0,14.0,22.0,0.0,83.0,232.0,359.0,0.0,4.81,14.13,23.65,28.0,12675.0,62891.0,80085.0,0.0,0.0,22.0,23.0,37.0,1334.75,1.1687581944184304,1.6632328151339202,2.831991009552351,0.8088279722058801,3.6923076923076925,1.3036149091590186,1.0339014796778423,16.137853530623712,4,80,16.684375,1.083239290420308,1.5317969374699794
Rookies (1 - 3 Years) - Goals (30 Games),Logan Cooley,UTA,C,2,8.946478121277416,14.522658760113035,24.453706864824934,39.695267277642294,8483431,2024,0.0,7.0,18.0,25.0,4.0,1.0,57.0,63.0,0.0,20.0,39.0,65.0,0.0,5.0,12.0,20.0,7.0,47.0,217.0,293.0,0.45,6.17,12.13,20.19,4995.0,10275.0,61552.0,80376.0,2.0,6.0,22.0,32.0,40.0,1339.6,1.1197372349955212,1.7915795759928337,2.9113168109883545,0.7094489212373278,7.007299270072993,2.821737832188713,1.433263660794267,13.123320394147505,4,75,17.86133333333333,1.0017704674467098,1.6261561764832455
Rookies (1 - 3 Years) - Goals (30 Games),Matt Coronato,CGY,R,3,8.89427596047948,9.699792140256768,24.31102095864391,26.5127651833685,8482679,2024,0.0,4.0,15.0,24.0,0.0,0.0,35.0,36.0,0.0,14.0,23.0,47.0,0.0,4.0,7.0,14.0,0.0,59.0,288.0,375.0,0.0,3.54,11.28,19.65,27.0,10724.0,66762.0,81218.0,0.0,0.0,33.0,37.0,23.0,1353.6333333333334,1.0638035903371175,1.0194784407397375,2.0832820310768545,0.6082502022108385,4.699738903394256,1.595705385505676,1.640030535103056,16.62193109901746,1,77,17.57965367965368,1.0118829554388236,1.1035248267129518
Rookies (1 - 3 Years) - Assists (30 Games),Lane Hutson,MTL,D,2,2.331661361113669,16.602822526486264,6.373207720377363,45.38104823906246,8483457,2024,0.0,1.0,5.0,6.0,1.0,1.0,37.0,40.0,0.0,21.0,33.0,66.0,0.0,9.0,11.0,25.0,1.0,35.0,238.0,297.0,0.0,1.1,4.07,6.3,1045.0,13021.0,92402.0,111847.0,1.0,1.0,111.0,123.0,60.0,1864.1166666666666,0.1931209598826969,1.931209598826969,2.1243305587096657,0.15856799636371507,5.806005683127256,1.287473065884646,3.9589796775952864,9.559487514193497,4,82,22.73313008130081,0.20513333208184847,1.460671932735119
Rookies (1 - 3 Years) - Assists (30 Games),Luke Hughes,NJD,D,3,3.485280363369151,16.089762087793847,9.526432993209013,43.97868303996985,8482684,2024,0.0,0.0,6.0,7.0,0.0,2.0,17.0,19.0,0.0,15.0,25.0,44.0,0.0,7.0,12.0,21.0,1.0,49.0,255.0,328.0,0.03,1.04,5.64,7.92,1599.0,6685.0,78402.0,90133.0,2.0,1.0,52.0,60.0,37.0,1502.2166666666667,0.2795868327915414,1.4778161161838617,1.757402948975403,0.25897298538302593,8.077786088257293,0.7588785461484695,2.3964585667846405,13.100640165089368,4,71,21.157981220657277,0.3294530160530013,1.520916567605689
Rookies (1 - 3 Years) - Assists (30 Games),Kirill Marchenko,CBJ,R,3,11.521420450043527,15.607975224230696,31.491882563452304,42.66179894623057,8480893,2024,0.0,2.0,24.0,31.0,0.0,7.0,47.0,55.0,0.0,18.0,46.0,74.0,0.0,11.0,15.0,29.0,0.0,85.0,315.0,434.0,0.0,3.15,12.78,20.45,312.0,11731.0,72316.0,88084.0,0.0,0.0,36.0,38.0,43.0,1468.0666666666666,1.2669724354025702,1.757413378139049,3.0243858135416195,0.6362077548536976,5.523825760804705,2.247854320875528,1.553062985332183,17.737614095635983,4,79,18.583122362869197,1.2399875785206464,1.6798011571421256
Rookies (1 - 3 Years) - Assists (30 Games),Connor Bedard,CHI,C,2,9.055573840591135,15.343598469261796,24.7519018309491,41.939169149315575,8484144,2024,0.0,11.0,11.0,23.0,0.0,1.0,46.0,47.0,0.0,24.0,35.0,67.0,0.0,4.0,21.0,28.0,0.0,80.0,282.0,402.0,0.0,4.14,13.21,19.09,208.0,11804.0,82425.0,99805.0,0.0,0.0,37.0,37.0,44.0,1663.4166666666667,0.829617754621512,1.58709483492811,2.416712589549622,0.576960873521383,7.319552694002033,1.6953058464004809,1.3346024748259107,14.50027553729773,4,82,20.285569105691057,0.8928094443306124,1.5127599713194337
Rookies (1 - 3 Years) - Assists (30 Games),Macklin Celebrini,SJS,C,1,12.178151228387419,15.269499458008765,33.28694669092561,41.73663185189062,8484801,2024,0.0,7.0,16.0,25.0,1.0,2.0,34.0,37.0,0.0,15.0,36.0,63.0,0.0,2.0,13.0,18.0,0.0,111.0,283.0,457.0,0.0,5.55,14.87,23.32,614.0,12128.0,64839.0,83110.0,0.0,0.0,50.0,53.0,38.0,1385.1666666666667,1.0829021778366021,1.6460113103116352,2.7289134881482373,0.8256142136676999,4.452506596306069,1.6026952231981713,2.2957526170135965,19.795451810853088,4,70,19.788095238095238,1.230856338809461,1.543301593638234
Rookies (1 - 3 Years) - Assists (30 Games),Logan Cooley,UTA,C,2,8.946478121277416,14.522658760113035,24.453706864824934,39.695267277642294,8483431,2024,0.0,7.0,18.0,25.0,4.0,1.0,57.0,63.0,0.0,20.0,39.0,65.0,0.0,5.0,12.0,20.0,7.0,47.0,217.0,293.0,0.45,6.17,12.13,20.19,4995.0,10275.0,61552.0,80376.0,2.0,6.0,22.0,32.0,40.0,1339.6,1.1197372349955212,1.7915795759928337,2.9113168109883545,0.7094489212373278,7.007299270072993,2.821737832188713,1.433263660794267,13.123320394147505,4,75,17.86133333333333,1.0017704674467098,1.6261561764832455
Rookies (1 - 3 Years) - Assists (30 Games),Jake Sanderson,OTT,D,3,4.320209411326966,13.99797074960153,11.808572390960371,38.26112004891085,8482105,2024,0.0,5.0,5.0,11.0,5.0,0.0,28.0,38.0,4.0,22.0,17.0,57.0,1.0,9.0,5.0,20.0,8.0,90.0,276.0,421.0,0.3,1.95,4.21,9.3,11638.0,15338.0,81768.0,117322.0,4.0,26.0,109.0,163.0,46.0,1955.3666666666666,0.3375326025809311,1.4114999744293484,1.7490325770102795,0.18535368359260346,5.163645846916157,1.166021718006853,5.0016194746083436,12.918293244233817,4,80,24.442083333333333,0.3535058245575328,1.145399151021758
Rookies (1 - 3 Years) - Assists (30 Games),Dylan Guenther,UTA,R,3,11.928242944093995,13.868993817792198,32.60386404719026,37.90858310196534,8482699,2024,0.0,11.0,11.0,27.0,0.0,1.0,50.0,53.0,0.0,24.0,25.0,60.0,0.0,6.0,8.0,18.0,0.0,101.0,307.0,450.0,0.0,7.9,10.96,23.81,799.0,13542.0,53915.0,71388.0,0.0,0.0,37.0,42.0,33.0,1189.8,1.361573373676248,1.6641452344931922,3.02571860816944,0.7318186033571363,6.380150642445725,2.6727181038830055,2.1180030257186084,22.692889561270803,4,70,16.997142857142858,1.403558591505429,1.6319206038753638
Rookies (1 - 3 Years) - Assists (30 Games),Dylan Holloway,STL,L,3,9.434772767054032,13.77744083404288,25.788378896614354,37.658338279717206,8482077,2024,0.0,6.0,16.0,26.0,0.0,5.0,158.0,165.0,0.0,13.0,42.0,63.0,0.0,3.0,17.0,21.0,1.0,48.0,258.0,336.0,0.03,4.55,12.51,20.34,1025.0,7409.0,66312.0,77729.0,0.0,1.0,49.0,50.0,37.0,1295.4833333333333,1.20418376667653,1.7136461295012158,2.9178298961777456,0.6791530944625407,6.316641921986773,7.641935442370285,2.3157380128394807,15.561759446281313,4,77,16.824458874458873,1.1215543795440475,1.6377870975640523
Rookies (1 - 3 Years) - Assists (30 Games),Matvei Michkov,PHI,R,1,9.036585268053164,12.778537264300343,24.69999973267865,34.928001855754275,8484387,2024,0.0,6.0,15.0,26.0,0.0,1.0,27.0,29.0,0.0,13.0,40.0,63.0,0.0,5.0,14.0,22.0,0.0,83.0,232.0,359.0,0.0,4.81,14.13,23.65,28.0,12675.0,62891.0,80085.0,0.0,0.0,22.0,23.0,37.0,1334.75,1.1687581944184304,1.6632328151339202,2.831991009552351,0.8088279722058801,3.6923076923076925,1.3036149091590186,1.0339014796778423,16.137853530623712,4,80,16.684375,1.083239290420308,1.5317969374699794
Rookies (1 - 3 Years) - Goals (82 Games),Macklin Celebrini,SJS,C,1,12.178151228387419,15.269499458008765,33.28694669092561,41.73663185189062,8484801,2024,0.0,7.0,16.0,25.0,1.0,2.0,34.0,37.0,0.0,15.0,36.0,63.0,0.0,2.0,13.0,18.0,0.0,111.0,283.0,457.0,0.0,5.55,14.87,23.32,614.0,12128.0,64839.0,83110.0,0.0,0.0,50.0,53.0,38.0,1385.1666666666667,1.0829021778366021,1.6460113103116352,2.7289134881482373,0.8256142136676999,4.452506596306069,1.6026952231981713,2.2957526170135965,19.795451810853088,4,70,19.788095238095238,1.230856338809461,1.543301593638234
Rookies (1 - 3 Years) - Goals (82 Games),Dylan Guenther,UTA,R,3,11.928242944093995,13.868993817792198,32.60386404719026,37.90858310196534,8482699,2024,0.0,11.0,11.0,27.0,0.0,1.0,50.0,53.0,0.0,24.0,25.0,60.0,0.0,6.0,8.0,18.0,0.0,101.0,307.0,450.0,0.0,7.9,10.96,23.81,799.0,13542.0,53915.0,71388.0,0.0,0.0,37.0,42.0,33.0,1189.8,1.361573373676248,1.6641452344931922,3.02571860816944,0.7318186033571363,6.380150642445725,2.6727181038830055,2.1180030257186084,22.692889561270803,4,70,16.997142857142858,1.403558591505429,1.6319206038753638
Rookies (1 - 3 Years) - Goals (82 Games),Kirill Marchenko,CBJ,R,3,11.521420450043527,15.607975224230696,31.491882563452304,42.66179894623057,8480893,2024,0.0,2.0,24.0,31.0,0.0,7.0,47.0,55.0,0.0,18.0,46.0,74.0,0.0,11.0,15.0,29.0,0.0,85.0,315.0,434.0,0.0,3.15,12.78,20.45,312.0,11731.0,72316.0,88084.0,0.0,0.0,36.0,38.0,43.0,1468.0666666666666,1.2669724354025702,1.757413378139049,3.0243858135416195,0.6362077548536976,5.523825760804705,2.247854320875528,1.553062985332183,17.737614095635983,4,79,18.583122362869197,1.2399875785206464,1.6798011571421256
Rookies (1 - 3 Years) - Goals (82 Games),Wyatt Johnston,DAL,C,3,11.041361527167084,12.115887598299416,30.179721507590028,33.11675943535174,8482740,2024,2.0,11.0,18.0,33.0,1.0,1.0,42.0,45.0,2.0,24.0,39.0,71.0,0.0,9.0,13.0,25.0,15.0,101.0,249.0,389.0,1.3,9.78,16.06,29.88,6995.0,14705.0,66951.0,93115.0,0.0,5.0,38.0,47.0,38.0,1551.9166666666667,1.2758417011222682,1.4691510497771572,2.744992750899425,0.8635569296948514,5.875552533151989,1.739784137894002,1.8171078773559577,15.039467325350373,4,82,18.92581300813008,1.1668044614436353,1.2803558392016994
Rookies (1 - 3 Years) - Goals (82 Games),Adam Fantilli,CBJ,C,2,10.266095448644496,11.628062938252521,28.060660892961625,31.783372031223557,8484166,2024,1.0,2.0,25.0,31.0,0.0,0.0,113.0,113.0,2.0,4.0,44.0,54.0,1.0,0.0,12.0,14.0,3.0,48.0,300.0,394.0,0.32,1.71,11.23,18.59,1319.0,7200.0,73658.0,85991.0,0.0,0.0,52.0,56.0,23.0,1433.1833333333334,1.2978102359549255,0.9628914653859125,2.260701701340838,0.5488609519671999,2.0,4.730727634287309,2.344431393983091,16.49474945052389,1,82,17.477845528455287,1.174755255953086,1.3306059856543684
Rookies (1 - 3 Years) - Goals (82 Games),Dylan Holloway,STL,L,3,9.434772767054032,13.77744083404288,25.788378896614354,37.658338279717206,8482077,2024,0.0,6.0,16.0,26.0,0.0,5.0,158.0,165.0,0.0,13.0,42.0,63.0,0.0,3.0,17.0,21.0,1.0,48.0,258.0,336.0,0.03,4.55,12.51,20.34,1025.0,7409.0,66312.0,77729.0,0.0,1.0,49.0,50.0,37.0,1295.4833333333333,1.20418376667653,1.7136461295012158,2.9178298961777456,0.6791530944625407,6.316641921986773,7.641935442370285,2.3157380128394807,15.561759446281313,4,77,16.824458874458873,1.1215543795440475,1.6377870975640523
Rookies (1 - 3 Years) - Goals (82 Games),Connor Bedard,CHI,C,2,9.055573840591135,15.343598469261796,24.7519018309491,41.939169149315575,8484144,2024,0.0,11.0,11.0,23.0,0.0,1.0,46.0,47.0,0.0,24.0,35.0,67.0,0.0,4.0,21.0,28.0,0.0,80.0,282.0,402.0,0.0,4.14,13.21,19.09,208.0,11804.0,82425.0,99805.0,0.0,0.0,37.0,37.0,44.0,1663.4166666666667,0.829617754621512,1.58709483492811,2.416712589549622,0.576960873521383,7.319552694002033,1.6953058464004809,1.3346024748259107,14.50027553729773,4,82,20.285569105691057,0.8928094443306124,1.5127599713194337
Rookies (1 - 3 Years) - Goals (82 Games),Matvei Michkov,PHI,R,1,9.036585268053164,12.778537264300343,24.69999973267865,34.928001855754275,8484387,2024,0.0,6.0,15.0,26.0,0.0,1.0,27.0,29.0,0.0,13.0,40.0,63.0,0.0,5.0,14.0,22.0,0.0,83.0,232.0,359.0,0.0,4.81,14.13,23.65,28.0,12675.0,62891.0,80085.0,0.0,0.0,22.0,23.0,37.0,1334.75,1.1687581944184304,1.6632328151339202,2.831991009552351,0.8088279722058801,3.6923076923076925,1.3036149091590186,1.0339014796778423,16.137853530623712,4,80,16.684375,1.083239290420308,1.5317969374699794
Rookies (1 - 3 Years) - Goals (82 Games),Logan Cooley,UTA,C,2,8.946478121277416,14.522658760113035,24.453706864824934,39.695267277642294,8483431,2024,0.0,7.0,18.0,25.0,4.0,1.0,57.0,63.0,0.0,20.0,39.0,65.0,0.0,5.0,12.0,20.0,7.0,47.0,217.0,293.0,0.45,6.17,12.13,20.19,4995.0,10275.0,61552.0,80376.0,2.0,6.0,22.0,32.0,40.0,1339.6,1.1197372349955212,1.7915795759928337,2.9113168109883545,0.7094489212373278,7.007299270072993,2.821737832188713,1.433263660794267,13.123320394147505,4,75,17.86133333333333,1.0017704674467098,1.6261561764832455
Rookies (1 - 3 Years) - Goals (82 Games),Matt Coronato,CGY,R,3,8.89427596047948,9.699792140256768,24.31102095864391,26.5127651833685,8482679,2024,0.0,4.0,15.0,24.0,0.0,0.0,35.0,36.0,0.0,14.0,23.0,47.0,0.0,4.0,7.0,14.0,0.0,59.0,288.0,375.0,0.0,3.54,11.28,19.65,27.0,10724.0,66762.0,81218.0,0.0,0.0,33.0,37.0,23.0,1353.6333333333334,1.0638035903371175,1.0194784407397375,2.0832820310768545,0.6082502022108385,4.699738903394256,1.595705385505676,1.640030535103056,16.62193109901746,1,77,17.57965367965368,1.0118829554388236,1.1035248267129518
Rookies (1 - 3 Years) - Assists (82 Games),Lane Hutson,MTL,D,2,2.331661361113669,16.602822526486264,6.373207720377363,45.38104823906246,8483457,2024,0.0,1.0,5.0,6.0,1.0,1.0,37.0,40.0,0.0,21.0,33.0,66.0,0.0,9.0,11.0,25.0,1.0,35.0,238.0,297.0,0.0,1.1,4.07,6.3,1045.0,13021.0,92402.0,111847.0,1.0,1.0,111.0,123.0,60.0,1864.1166666666666,0.1931209598826969,1.931209598826969,2.1243305587096657,0.15856799636371507,5.806005683127256,1.287473065884646,3.9589796775952864,9.559487514193497,4,82,22.73313008130081,0.20513333208184847,1.460671932735119
Rookies (1 - 3 Years) - Assists (82 Games),Luke Hughes,NJD,D,3,3.485280363369151,16.089762087793847,9.526432993209013,43.97868303996985,8482684,2024,0.0,0.0,6.0,7.0,0.0,2.0,17.0,19.0,0.0,15.0,25.0,44.0,0.0,7.0,12.0,21.0,1.0,49.0,255.0,328.0,0.03,1.04,5.64,7.92,1599.0,6685.0,78402.0,90133.0,2.0,1.0,52.0,60.0,37.0,1502.2166666666667,0.2795868327915414,1.4778161161838617,1.757402948975403,0.25897298538302593,8.077786088257293,0.7588785461484695,2.3964585667846405,13.100640165089368,4,71,21.157981220657277,0.3294530160530013,1.520916567605689
Rookies (1 - 3 Years) - Assists (82 Games),Kirill Marchenko,CBJ,R,3,11.521420450043527,15.607975224230696,31.491882563452304,42.66179894623057,8480893,2024,0.0,2.0,24.0,31.0,0.0,7.0,47.0,55.0,0.0,18.0,46.0,74.0,0.0,11.0,15.0,29.0,0.0,85.0,315.0,434.0,0.0,3.15,12.78,20.45,312.0,11731.0,72316.0,88084.0,0.0,0.0,36.0,38.0,43.0,1468.0666666666666,1.2669724354025702,1.757413378139049,3.0243858135416195,0.6362077548536976,5.523825760804705,2.247854320875528,1.553062985332183,17.737614095635983,4,79,18.583122362869197,1.2399875785206464,1.6798011571421256
Rookies (1 - 3 Years) - Assists (82 Games),Connor Bedard,CHI,C,2,9.055573840591135,15.343598469261796,24.7519018309491,41.939169149315575,8484144,2024,0.0,11.0,11.0,23.0,0.0,1.0,46.0,47.0,0.0,24.0,35.0,67.0,0.0,4.0,21.0,28.0,0.0,80.0,282.0,402.0,0.0,4.14,13.21,19.09,208.0,11804.0,82425.0,99805.0,0.0,0.0,37.0,37.0,44.0,1663.4166666666667,0.829617754621512,1.58709483492811,2.416712589549622,0.576960873521383,7.319552694002033,1.6953058464004809,1.3346024748259107,14.50027553729773,4,82,20.285569105691057,0.8928094443306124,1.5127599713194337
Rookies (1 - 3 Years) - Assists (82 Games),Macklin Celebrini,SJS,C,1,12.178151228387419,15.269499458008765,33.28694669092561,41.73663185189062,8484801,2024,0.0,7.0,16.0,25.0,1.0,2.0,34.0,37.0,0.0,15.0,36.0,63.0,0.0,2.0,13.0,18.0,0.0,111.0,283.0,457.0,0.0,5.55,14.87,23.32,614.0,12128.0,64839.0,83110.0,0.0,0.0,50.0,53.0,38.0,1385.1666666666667,1.0829021778366021,1.6460113103116352,2.7289134881482373,0.8256142136676999,4.452506596306069,1.6026952231981713,2.2957526170135965,19.795451810853088,4,70,19.788095238095238,1.230856338809461,1.543301593638234
Rookies (1 - 3 Years) - Assists (82 Games),Logan Cooley,UTA,C,2,8.946478121277416,14.522658760113035,24.453706864824934,39.695267277642294,8483431,2024,0.0,7.0,18.0,25.0,4.0,1.0,57.0,63.0,0.0,20.0,39.0,65.0,0.0,5.0,12.0,20.0,7.0,47.0,217.0,293.0,0.45,6.17,12.13,20.19,4995.0,10275.0,61552.0,80376.0,2.0,6.0,22.0,32.0,40.0,1339.6,1.1197372349955212,1.7915795759928337,2.9113168109883545,0.7094489212373278,7.007299270072993,2.821737832188713,1.433263660794267,13.123320394147505,4,75,17.86133333333333,1.0017704674467098,1.6261561764832455
Rookies (1 - 3 Years) - Assists (82 Games),Jake Sanderson,OTT,D,3,4.320209411326966,13.99797074960153,11.808572390960371,38.26112004891085,8482105,2024,0.0,5.0,5.0,11.0,5.0,0.0,28.0,38.0,4.0,22.0,17.0,57.0,1.0,9.0,5.0,20.0,8.0,90.0,276.0,421.0,0.3,1.95,4.21,9.3,11638.0,15338.0,81768.0,117322.0,4.0,26.0,109.0,163.0,46.0,1955.3666666666666,0.3375326025809311,1.4114999744293484,1.7490325770102795,0.18535368359260346,5.163645846916157,1.166021718006853,5.0016194746083436,12.918293244233817,4,80,24.442083333333333,0.3535058245575328,1.145399151021758
Rookies (1 - 3 Years) - Assists (82 Games),Dylan Guenther,UTA,R,3,11.928242944093995,13.868993817792198,32.60386404719026,37.90858310196534,8482699,2024,0.0,11.0,11.0,27.0,0.0,1.0,50.0,53.0,0.0,24.0,25.0,60.0,0.0,6.0,8.0,18.0,0.0,101.0,307.0,450.0,0.0,7.9,10.96,23.81,799.0,13542.0,53915.0,71388.0,0.0,0.0,37.0,42.0,33.0,1189.8,1.361573373676248,1.6641452344931922,3.02571860816944,0.7318186033571363,6.380150642445725,2.6727181038830055,2.1180030257186084,22.692889561270803,4,70,16.997142857142858,1.403558591505429,1.6319206038753638
Rookies (1 - 3 Years) - Assists (82 Games),Dylan Holloway,STL,L,3,9.434772767054032,13.77744083404288,25.788378896614354,37.658338279717206,8482077,2024,0.0,6.0,16.0,26.0,0.0,5.0,158.0,165.0,0.0,13.0,42.0,63.0,0.0,3.0,17.0,21.0,1.0,48.0,258.0,336.0,0.03,4.55,12.51,20.34,1025.0,7409.0,66312.0,77729.0,0.0,1.0,49.0,50.0,37.0,1295.4833333333333,1.20418376667653,1.7136461295012158,2.9178298961777456,0.6791530944625407,6.316641921986773,7.641935442370285,2.3157380128394807,15.561759446281313,4,77,16.824458874458873,1.1215543795440475,1.6377870975640523
Rookies (1 - 3 Years) - Assists (82 Games),Matvei Michkov,PHI,R,1,9.036585268053164,12.778537264300343,24.69999973267865,34.928001855754275,8484387,2024,0.0,6.0,15.0,26.0,0.0,1.0,27.0,29.0,0.0,13.0,40.0,63.0,0.0,5.0,14.0,22.0,0.0,83.0,232.0,359.0,0.0,4.81,14.13,23.65,28.0,12675.0,62891.0,80085.0,0.0,0.0,22.0,23.0,37.0,1334.75,1.1687581944184304,1.6632328151339202,2.831991009552351,0.8088279722058801,3.6923076923076925,1.3036149091590186,1.0339014796778423,16.137853530623712,4,80,16.684375,1.083239290420308,1.5317969374699794
Mid-Career (4 - 5 Years) - Goals (30 Games),Kirill Kaprizov,MIN,L,5,15.874517986273018,19.785879238185174,43.39034916247958,54.081403251039475,8478864,2024,0.0,2.0,12.0,25.0,0.0,0.0,13.0,16.0,0.0,12.0,31.0,56.0,0.0,7.0,13.0,22.0,0.0,82.0,193.0,311.0,0.0,5.45,8.39,20.38,15.0,7561.0,44612.0,55269.0,0.0,0.0,16.0,17.0,31.0,921.15,1.6283992835043153,2.0192151115453507,3.6476143950496662,0.6770375683672555,5.7135299563549795,1.0421755414427618,1.1073115127829343,20.25728708679368,4,41,22.467073170731705,1.4131362697436765,1.7613223660980128
Mid-Career (4 - 5 Years) - Goals (30 Games),Cole Caufield,MTL,R,5,11.482969665839203,12.883229880997543,31.38678375329382,35.21416167472662,8481540,2024,0.0,10.0,26.0,37.0,0.0,1.0,60.0,66.0,0.0,15.0,49.0,70.0,0.0,2.0,17.0,22.0,0.0,74.0,318.0,432.0,0.0,7.49,18.81,29.21,45.0,14288.0,69898.0,88934.0,0.0,0.0,27.0,31.0,33.0,1482.2333333333333,1.4977398970022713,1.335822070299323,2.8335619673015944,0.9687830839222867,3.7793952967525195,2.671644140598646,1.254863156947849,17.48712528391841,4,82,18.076016260162604,1.270519953132185,1.4254501318844965
Mid-Career (4 - 5 Years) - Goals (30 Games),Seth Jarvis,CAR,C,4,11.444145203374838,14.636502112240848,31.280663555891223,40.006439106791646,8482093,2024,5.0,7.0,13.0,32.0,5.0,6.0,81.0,93.0,7.0,19.0,31.0,67.0,2.0,8.0,11.0,22.0,28.0,76.0,261.0,392.0,2.32,5.95,16.66,30.81,7962.0,14214.0,57928.0,84779.0,0.0,11.0,34.0,51.0,35.0,1412.9833333333333,1.358827068023921,1.4862171056511635,2.8450441736750847,1.0353542328407679,4.812157028281975,3.94909116644452,2.165630639663124,16.64563158329303,4,73,19.35593607305936,1.1824946269897447,1.5123528055677682
Mid-Career (4 - 5 Years) - Goals (30 Games),Matt Boldy,MIN,L,4,10.275374604299872,17.146356784990225,28.086023918419652,46.86670854563995,8481557,2024,0.0,6.0,14.0,27.0,0.0,2.0,50.0,52.0,0.0,19.0,39.0,73.0,0.0,6.0,13.0,23.0,3.0,121.0,382.0,551.0,0.57,7.66,19.3,33.7,1809.0,14970.0,77233.0,99818.0,0.0,1.0,56.0,69.0,46.0,1663.6333333333334,0.9737722655232522,1.6590194153359115,2.6327916808591634,0.8996154493545506,4.569138276553106,1.8754132521188562,2.4885291230038673,19.872167344567114,4,82,20.288211382113822,1.0129404126140649,1.6902778132631768
Mid-Career (4 - 5 Years) - Goals (30 Games),Lucas Raymond,DET,L,4,10.024840623891711,16.416848199976215,27.40123103863734,44.87271841326832,8482078,2024,1.0,7.0,16.0,27.0,0.0,2.0,40.0,42.0,1.0,34.0,33.0,80.0,0.0,11.0,11.0,28.0,9.0,76.0,271.0,382.0,0.25,5.86,14.77,24.67,3531.0,14416.0,68804.0,92414.0,0.0,2.0,29.0,34.0,53.0,1540.2333333333333,1.0517886900253208,2.0646222433830372,3.1164109334083583,0.7728039067496076,8.49056603773585,1.636115740039388,1.3244746466985522,14.880862207024908,4,82,18.783333333333335,1.0674186999707234,1.7480228784357994
Mid-Career (4 - 5 Years) - Goals (30 Games),Pavel Dorofeyev,VGK,L,4,10.016181046810473,9.50716374819844,27.377561527948625,25.986247578409074,8481604,2024,0.0,10.0,21.0,35.0,0.0,0.0,28.0,28.0,0.0,14.0,32.0,52.0,0.0,2.0,5.0,8.0,0.0,85.0,326.0,436.0,0.0,8.2,17.34,28.05,26.0,10340.0,68140.0,81311.0,0.0,0.0,36.0,37.0,17.0,1355.1833333333334,1.5496058343889512,0.752665690988919,2.30227152537787,0.9161138831816847,4.874274661508704,1.2396846675111608,1.6381547392111768,19.30366125124522,1,82,16.526626016260163,1.2121265450014764,1.15052688175367
Mid-Career (4 - 5 Years) - Goals (30 Games),Connor McMichael,WSH,C,5,9.502791562296261,11.024385569080927,25.974296936943112,30.13332055548787,8481580,2024,0.0,3.0,22.0,26.0,0.0,1.0,36.0,39.0,1.0,9.0,44.0,57.0,1.0,2.0,8.0,13.0,3.0,40.0,259.0,322.0,0.18,4.36,19.7,26.65,3208.0,8516.0,67833.0,82698.0,0.0,1.0,34.0,36.0,31.0,1378.3,1.1318290647899587,1.3494885003264891,2.481317565116448,1.04550882313918,3.8046031000469704,1.697743597184938,1.5671479358630198,14.017267648552565,4,82,16.808536585365854,1.130710161950654,1.3117603085897642
Mid-Career (4 - 5 Years) - Goals (30 Games),JJ Peterka,BUF,R,4,9.473268268279728,15.970291887994225,25.893599933297924,43.65213116051755,8482175,2024,0.0,5.0,18.0,27.0,0.0,2.0,27.0,30.0,0.0,14.0,42.0,68.0,0.0,1.0,13.0,18.0,0.0,69.0,261.0,384.0,0.0,4.28,11.2,21.93,57.0,12767.0,65291.0,84010.0,0.0,0.0,14.0,16.0,41.0,1400.1666666666667,1.157005118438281,1.7569336983692416,2.913938816807523,0.6175429998008913,3.947677606328816,1.2855612427092011,0.6856326627782406,16.455183906677775,4,77,18.183982683982684,1.041935469573916,1.7565229977986743
Mid-Career (4 - 5 Years) - Goals (30 Games),Quinton Byfield,LAK,R,5,9.411727451918443,11.346311199032899,25.725388368577075,31.013250610689923,8482124,2024,1.0,3.0,14.0,23.0,0.0,2.0,78.0,80.0,1.0,7.0,38.0,54.0,0.0,1.0,10.0,13.0,8.0,65.0,248.0,353.0,0.68,4.65,12.21,22.09,7380.0,9104.0,69571.0,90510.0,0.0,2.0,30.0,33.0,31.0,1508.5,0.9148160424262513,1.2330129267484256,2.1478289691746766,0.6318149803797559,2.768014059753954,3.1819688432217434,1.3125621478289693,14.040437520715944,1,81,18.623456790123456,1.0107390435603498,1.218496794327696
Mid-Career (4 - 5 Years) - Goals (30 Games),Kent Johnson,CBJ,C,4,9.216441856664517,14.058260802200207,25.191607741549678,38.425912859347235,8482660,2024,1.0,4.0,19.0,24.0,0.0,0.0,3.0,3.0,3.0,15.0,37.0,57.0,1.0,8.0,8.0,17.0,5.0,35.0,193.0,258.0,0.33,2.1,10.24,14.44,1994.0,9938.0,56125.0,70559.0,0.0,1.0,23.0,29.0,33.0,1175.9833333333333,1.2245071500446436,1.6836973313113848,2.9082044813560284,0.6568195991091315,5.433688871000202,0.15306339375558045,1.4796128063039442,13.163451862979917,4,68,17.293872549019607,1.0658621231931071,1.6258083043403917
Mid-Career (4 - 5 Years) - Assists (30 Games),Kirill Kaprizov,MIN,L,5,15.874517986273018,19.785879238185174,43.39034916247958,54.081403251039475,8478864,2024,0.0,2.0,12.0,25.0,0.0,0.0,13.0,16.0,0.0,12.0,31.0,56.0,0.0,7.0,13.0,22.0,0.0,82.0,193.0,311.0,0.0,5.45,8.39,20.38,15.0,7561.0,44612.0,55269.0,0.0,0.0,16.0,17.0,31.0,921.15,1.6283992835043153,2.0192151115453507,3.6476143950496662,0.6770375683672555,5.7135299563549795,1.0421755414427618,1.1073115127829343,20.25728708679368,4,41,22.467073170731705,1.4131362697436765,1.7613223660980128
Mid-Career (4 - 5 Years) - Assists (30 Games),Tim Sttzle,OTT,C,5,7.989324222402597,19.18851030825446,21.83748620790043,52.448594842562194,8482116,2024,0.0,2.0,14.0,24.0,0.0,0.0,129.0,130.0,0.0,25.0,37.0,79.0,0.0,6.0,13.0,27.0,0.0,73.0,204.0,326.0,0.0,2.91,11.42,20.2,145.0,16001.0,74893.0,97480.0,0.0,0.0,42.0,45.0,55.0,1624.6666666666667,0.8863356585966352,2.0311858842839556,2.917521542880591,0.5489431589067069,5.624648459471283,4.80098481739844,1.661879359868691,12.039392695937629,4,82,19.8130081300813,0.8064726133405986,1.936960827177102
Mid-Career (4 - 5 Years) - Assists (30 Games),Matt Boldy,MIN,L,4,10.275374604299872,17.146356784990225,28.086023918419652,46.86670854563995,8481557,2024,0.0,6.0,14.0,27.0,0.0,2.0,50.0,52.0,0.0,19.0,39.0,73.0,0.0,6.0,13.0,23.0,3.0,121.0,382.0,551.0,0.57,7.66,19.3,33.7,1809.0,14970.0,77233.0,99818.0,0.0,1.0,56.0,69.0,46.0,1663.6333333333334,0.9737722655232522,1.6590194153359115,2.6327916808591634,0.8996154493545506,4.569138276553106,1.8754132521188562,2.4885291230038673,19.872167344567114,4,82,20.288211382113822,1.0129404126140649,1.6902778132631768
Mid-Career (4 - 5 Years) - Assists (30 Games),Lucas Raymond,DET,L,4,10.024840623891711,16.416848199976215,27.40123103863734,44.87271841326832,8482078,2024,1.0,7.0,16.0,27.0,0.0,2.0,40.0,42.0,1.0,34.0,33.0,80.0,0.0,11.0,11.0,28.0,9.0,76.0,271.0,382.0,0.25,5.86,14.77,24.67,3531.0,14416.0,68804.0,92414.0,0.0,2.0,29.0,34.0,53.0,1540.2333333333333,1.0517886900253208,2.0646222433830372,3.1164109334083583,0.7728039067496076,8.49056603773585,1.636115740039388,1.3244746466985522,14.880862207024908,4,82,18.783333333333335,1.0674186999707234,1.7480228784357994
Mid-Career (4 - 5 Years) - Assists (30 Games),JJ Peterka,BUF,R,4,9.473268268279728,15.970291887994225,25.893599933297924,43.65213116051755,8482175,2024,0.0,5.0,18.0,27.0,0.0,2.0,27.0,30.0,0.0,14.0,42.0,68.0,0.0,1.0,13.0,18.0,0.0,69.0,261.0,384.0,0.0,4.28,11.2,21.93,57.0,12767.0,65291.0,84010.0,0.0,0.0,14.0,16.0,41.0,1400.1666666666667,1.157005118438281,1.7569336983692416,2.913938816807523,0.6175429998008913,3.947677606328816,1.2855612427092011,0.6856326627782406,16.455183906677775,4,77,18.183982683982684,1.041935469573916,1.7565229977986743
Mid-Career (4 - 5 Years) - Assists (30 Games),Thomas Harley,DAL,D,4,4.662819883777924,15.5741110189945,12.745041015659659,42.56923678525163,8481581,2024,0.0,1.0,11.0,16.0,0.0,0.0,30.0,33.0,0.0,12.0,29.0,50.0,0.0,4.0,7.0,14.0,8.0,53.0,309.0,396.0,0.38,1.48,6.75,9.84,6772.0,10987.0,87096.0,109429.0,1.0,4.0,97.0,110.0,34.0,1823.8166666666666,0.5263686956839595,1.1185334783284138,1.6449021740123733,0.27900248002204464,3.9319195412760535,1.0856354348481665,3.618784782827221,13.027625218177997,0,78,23.382264957264958,0.3988338933204303,1.3321302318196138
Mid-Career (4 - 5 Years) - Assists (30 Games),Aliaksei Protas,WSH,C,4,7.146815904503185,14.990328446518523,19.534630138975373,40.97356442048397,8481656,2024,3.0,0.0,20.0,30.0,0.0,0.0,19.0,20.0,5.0,1.0,50.0,66.0,2.0,1.0,19.0,25.0,22.0,0.0,205.0,250.0,2.03,0.0,14.44,21.73,6876.0,571.0,64351.0,75040.0,0.0,2.0,24.0,33.0,36.0,1250.6666666666667,1.439232409381663,1.7270788912579957,3.166311300639659,0.807819614302808,6.304728546409807,0.9594882729211087,1.5831556503198294,11.993603411513858,4,76,16.456140350877195,0.868589566218937,1.8218522845448948
Mid-Career (4 - 5 Years) - Assists (30 Games),Seth Jarvis,CAR,C,4,11.444145203374838,14.636502112240848,31.280663555891223,40.006439106791646,8482093,2024,5.0,7.0,13.0,32.0,5.0,6.0,81.0,93.0,7.0,19.0,31.0,67.0,2.0,8.0,11.0,22.0,28.0,76.0,261.0,392.0,2.32,5.95,16.66,30.81,7962.0,14214.0,57928.0,84779.0,0.0,11.0,34.0,51.0,35.0,1412.9833333333333,1.358827068023921,1.4862171056511635,2.8450441736750847,1.0353542328407679,4.812157028281975,3.94909116644452,2.165630639663124,16.64563158329303,4,73,19.35593607305936,1.1824946269897447,1.5123528055677682
Mid-Career (4 - 5 Years) - Assists (30 Games),Kent Johnson,CBJ,C,4,9.216441856664517,14.058260802200207,25.191607741549678,38.425912859347235,8482660,2024,1.0,4.0,19.0,24.0,0.0,0.0,3.0,3.0,3.0,15.0,37.0,57.0,1.0,8.0,8.0,17.0,5.0,35.0,193.0,258.0,0.33,2.1,10.24,14.44,1994.0,9938.0,56125.0,70559.0,0.0,1.0,23.0,29.0,33.0,1175.9833333333333,1.2245071500446436,1.6836973313113848,2.9082044813560284,0.6568195991091315,5.433688871000202,0.15306339375558045,1.4796128063039442,13.163451862979917,4,68,17.293872549019607,1.0658621231931071,1.6258083043403917
Mid-Career (4 - 5 Years) - Assists (30 Games),William Eklund,SJS,L,4,8.444220223375721,13.28098591733723,23.080868610560305,36.30136150738843,8482667,2024,1.0,3.0,9.0,17.0,2.0,2.0,48.0,54.0,3.0,10.0,33.0,58.0,2.0,4.0,17.0,28.0,9.0,67.0,211.0,324.0,0.23,4.8,12.18,22.93,5391.0,11452.0,67744.0,90336.0,0.0,7.0,36.0,46.0,41.0,1505.6,0.6774707757704569,1.6339001062699257,2.3113708820403827,0.6472602739726028,3.1435557107928744,2.1519659936238047,1.833156216790648,12.911795961742826,4,77,19.553246753246754,0.863715405419674,1.3584430335214754
Mid-Career (4 - 5 Years) - Goals (82 Games),Kirill Kaprizov,MIN,L,5,15.874517986273018,19.785879238185174,43.39034916247958,54.081403251039475,8478864,2024,0.0,2.0,12.0,25.0,0.0,0.0,13.0,16.0,0.0,12.0,31.0,56.0,0.0,7.0,13.0,22.0,0.0,82.0,193.0,311.0,0.0,5.45,8.39,20.38,15.0,7561.0,44612.0,55269.0,0.0,0.0,16.0,17.0,31.0,921.15,1.6283992835043153,2.0192151115453507,3.6476143950496662,0.6770375683672555,5.7135299563549795,1.0421755414427618,1.1073115127829343,20.25728708679368,4,41,22.467073170731705,1.4131362697436765,1.7613223660980128
Mid-Career (4 - 5 Years) - Goals (82 Games),Cole Caufield,MTL,R,5,11.482969665839203,12.883229880997543,31.38678375329382,35.21416167472662,8481540,2024,0.0,10.0,26.0,37.0,0.0,1.0,60.0,66.0,0.0,15.0,49.0,70.0,0.0,2.0,17.0,22.0,0.0,74.0,318.0,432.0,0.0,7.49,18.81,29.21,45.0,14288.0,69898.0,88934.0,0.0,0.0,27.0,31.0,33.0,1482.2333333333333,1.4977398970022713,1.335822070299323,2.8335619673015944,0.9687830839222867,3.7793952967525195,2.671644140598646,1.254863156947849,17.48712528391841,4,82,18.076016260162604,1.270519953132185,1.4254501318844965
Mid-Career (4 - 5 Years) - Goals (82 Games),Seth Jarvis,CAR,C,4,11.444145203374838,14.636502112240848,31.280663555891223,40.006439106791646,8482093,2024,5.0,7.0,13.0,32.0,5.0,6.0,81.0,93.0,7.0,19.0,31.0,67.0,2.0,8.0,11.0,22.0,28.0,76.0,261.0,392.0,2.32,5.95,16.66,30.81,7962.0,14214.0,57928.0,84779.0,0.0,11.0,34.0,51.0,35.0,1412.9833333333333,1.358827068023921,1.4862171056511635,2.8450441736750847,1.0353542328407679,4.812157028281975,3.94909116644452,2.165630639663124,16.64563158329303,4,73,19.35593607305936,1.1824946269897447,1.5123528055677682
Mid-Career (4 - 5 Years) - Goals (82 Games),Matt Boldy,MIN,L,4,10.275374604299872,17.146356784990225,28.086023918419652,46.86670854563995,8481557,2024,0.0,6.0,14.0,27.0,0.0,2.0,50.0,52.0,0.0,19.0,39.0,73.0,0.0,6.0,13.0,23.0,3.0,121.0,382.0,551.0,0.57,7.66,19.3,33.7,1809.0,14970.0,77233.0,99818.0,0.0,1.0,56.0,69.0,46.0,1663.6333333333334,0.9737722655232522,1.6590194153359115,2.6327916808591634,0.8996154493545506,4.569138276553106,1.8754132521188562,2.4885291230038673,19.872167344567114,4,82,20.288211382113822,1.0129404126140649,1.6902778132631768
Mid-Career (4 - 5 Years) - Goals (82 Games),Lucas Raymond,DET,L,4,10.024840623891711,16.416848199976215,27.40123103863734,44.87271841326832,8482078,2024,1.0,7.0,16.0,27.0,0.0,2.0,40.0,42.0,1.0,34.0,33.0,80.0,0.0,11.0,11.0,28.0,9.0,76.0,271.0,382.0,0.25,5.86,14.77,24.67,3531.0,14416.0,68804.0,92414.0,0.0,2.0,29.0,34.0,53.0,1540.2333333333333,1.0517886900253208,2.0646222433830372,3.1164109334083583,0.7728039067496076,8.49056603773585,1.636115740039388,1.3244746466985522,14.880862207024908,4,82,18.783333333333335,1.0674186999707234,1.7480228784357994
Mid-Career (4 - 5 Years) - Goals (82 Games),Pavel Dorofeyev,VGK,L,4,10.016181046810473,9.50716374819844,27.377561527948625,25.986247578409074,8481604,2024,0.0,10.0,21.0,35.0,0.0,0.0,28.0,28.0,0.0,14.0,32.0,52.0,0.0,2.0,5.0,8.0,0.0,85.0,326.0,436.0,0.0,8.2,17.34,28.05,26.0,10340.0,68140.0,81311.0,0.0,0.0,36.0,37.0,17.0,1355.1833333333334,1.5496058343889512,0.752665690988919,2.30227152537787,0.9161138831816847,4.874274661508704,1.2396846675111608,1.6381547392111768,19.30366125124522,1,82,16.526626016260163,1.2121265450014764,1.15052688175367
Mid-Career (4 - 5 Years) - Goals (82 Games),Connor McMichael,WSH,C,5,9.502791562296261,11.024385569080927,25.974296936943112,30.13332055548787,8481580,2024,0.0,3.0,22.0,26.0,0.0,1.0,36.0,39.0,1.0,9.0,44.0,57.0,1.0,2.0,8.0,13.0,3.0,40.0,259.0,322.0,0.18,4.36,19.7,26.65,3208.0,8516.0,67833.0,82698.0,0.0,1.0,34.0,36.0,31.0,1378.3,1.1318290647899587,1.3494885003264891,2.481317565116448,1.04550882313918,3.8046031000469704,1.697743597184938,1.5671479358630198,14.017267648552565,4,82,16.808536585365854,1.130710161950654,1.3117603085897642
Mid-Career (4 - 5 Years) - Goals (82 Games),JJ Peterka,BUF,R,4,9.473268268279728,15.970291887994225,25.893599933297924,43.65213116051755,8482175,2024,0.0,5.0,18.0,27.0,0.0,2.0,27.0,30.0,0.0,14.0,42.0,68.0,0.0,1.0,13.0,18.0,0.0,69.0,261.0,384.0,0.0,4.28,11.2,21.93,57.0,12767.0,65291.0,84010.0,0.0,0.0,14.0,16.0,41.0,1400.1666666666667,1.157005118438281,1.7569336983692416,2.913938816807523,0.6175429998008913,3.947677606328816,1.2855612427092011,0.6856326627782406,16.455183906677775,4,77,18.183982683982684,1.041935469573916,1.7565229977986743
Mid-Career (4 - 5 Years) - Goals (82 Games),Quinton Byfield,LAK,R,5,9.411727451918443,11.346311199032899,25.725388368577075,31.013250610689923,8482124,2024,1.0,3.0,14.0,23.0,0.0,2.0,78.0,80.0,1.0,7.0,38.0,54.0,0.0,1.0,10.0,13.0,8.0,65.0,248.0,353.0,0.68,4.65,12.21,22.09,7380.0,9104.0,69571.0,90510.0,0.0,2.0,30.0,33.0,31.0,1508.5,0.9148160424262513,1.2330129267484256,2.1478289691746766,0.6318149803797559,2.768014059753954,3.1819688432217434,1.3125621478289693,14.040437520715944,1,81,18.623456790123456,1.0107390435603498,1.218496794327696
Mid-Career (4 - 5 Years) - Goals (82 Games),Kent Johnson,CBJ,C,4,9.216441856664517,14.058260802200207,25.191607741549678,38.425912859347235,8482660,2024,1.0,4.0,19.0,24.0,0.0,0.0,3.0,3.0,3.0,15.0,37.0,57.0,1.0,8.0,8.0,17.0,5.0,35.0,193.0,258.0,0.33,2.1,10.24,14.44,1994.0,9938.0,56125.0,70559.0,0.0,1.0,23.0,29.0,33.0,1175.9833333333333,1.2245071500446436,1.6836973313113848,2.9082044813560284,0.6568195991091315,5.433688871000202,0.15306339375558045,1.4796128063039442,13.163451862979917,4,68,17.293872549019607,1.0658621231931071,1.6258083043403917
Mid-Career (4 - 5 Years) - Assists (82 Games),Kirill Kaprizov,MIN,L,5,15.874517986273018,19.785879238185174,43.39034916247958,54.081403251039475,8478864,2024,0.0,2.0,12.0,25.0,0.0,0.0,13.0,16.0,0.0,12.0,31.0,56.0,0.0,7.0,13.0,22.0,0.0,82.0,193.0,311.0,0.0,5.45,8.39,20.38,15.0,7561.0,44612.0,55269.0,0.0,0.0,16.0,17.0,31.0,921.15,1.6283992835043153,2.0192151115453507,3.6476143950496662,0.6770375683672555,5.7135299563549795,1.0421755414427618,1.1073115127829343,20.25728708679368,4,41,22.467073170731705,1.4131362697436765,1.7613223660980128
Mid-Career (4 - 5 Years) - Assists (82 Games),Tim Sttzle,OTT,C,5,7.989324222402597,19.18851030825446,21.83748620790043,52.448594842562194,8482116,2024,0.0,2.0,14.0,24.0,0.0,0.0,129.0,130.0,0.0,25.0,37.0,79.0,0.0,6.0,13.0,27.0,0.0,73.0,204.0,326.0,0.0,2.91,11.42,20.2,145.0,16001.0,74893.0,97480.0,0.0,0.0,42.0,45.0,55.0,1624.6666666666667,0.8863356585966352,2.0311858842839556,2.917521542880591,0.5489431589067069,5.624648459471283,4.80098481739844,1.661879359868691,12.039392695937629,4,82,19.8130081300813,0.8064726133405986,1.936960827177102
Mid-Career (4 - 5 Years) - Assists (82 Games),Matt Boldy,MIN,L,4,10.275374604299872,17.146356784990225,28.086023918419652,46.86670854563995,8481557,2024,0.0,6.0,14.0,27.0,0.0,2.0,50.0,52.0,0.0,19.0,39.0,73.0,0.0,6.0,13.0,23.0,3.0,121.0,382.0,551.0,0.57,7.66,19.3,33.7,1809.0,14970.0,77233.0,99818.0,0.0,1.0,56.0,69.0,46.0,1663.6333333333334,0.9737722655232522,1.6590194153359115,2.6327916808591634,0.8996154493545506,4.569138276553106,1.8754132521188562,2.4885291230038673,19.872167344567114,4,82,20.288211382113822,1.0129404126140649,1.6902778132631768
Mid-Career (4 - 5 Years) - Assists (82 Games),Lucas Raymond,DET,L,4,10.024840623891711,16.416848199976215,27.40123103863734,44.87271841326832,8482078,2024,1.0,7.0,16.0,27.0,0.0,2.0,40.0,42.0,1.0,34.0,33.0,80.0,0.0,11.0,11.0,28.0,9.0,76.0,271.0,382.0,0.25,5.86,14.77,24.67,3531.0,14416.0,68804.0,92414.0,0.0,2.0,29.0,34.0,53.0,1540.2333333333333,1.0517886900253208,2.0646222433830372,3.1164109334083583,0.7728039067496076,8.49056603773585,1.636115740039388,1.3244746466985522,14.880862207024908,4,82,18.783333333333335,1.0674186999707234,1.7480228784357994
Mid-Career (4 - 5 Years) - Assists (82 Games),JJ Peterka,BUF,R,4,9.473268268279728,15.970291887994225,25.893599933297924,43.65213116051755,8482175,2024,0.0,5.0,18.0,27.0,0.0,2.0,27.0,30.0,0.0,14.0,42.0,68.0,0.0,1.0,13.0,18.0,0.0,69.0,261.0,384.0,0.0,4.28,11.2,21.93,57.0,12767.0,65291.0,84010.0,0.0,0.0,14.0,16.0,41.0,1400.1666666666667,1.157005118438281,1.7569336983692416,2.913938816807523,0.6175429998008913,3.947677606328816,1.2855612427092011,0.6856326627782406,16.455183906677775,4,77,18.183982683982684,1.041935469573916,1.7565229977986743
Mid-Career (4 - 5 Years) - Assists (82 Games),Thomas Harley,DAL,D,4,4.662819883777924,15.5741110189945,12.745041015659659,42.56923678525163,8481581,2024,0.0,1.0,11.0,16.0,0.0,0.0,30.0,33.0,0.0,12.0,29.0,50.0,0.0,4.0,7.0,14.0,8.0,53.0,309.0,396.0,0.38,1.48,6.75,9.84,6772.0,10987.0,87096.0,109429.0,1.0,4.0,97.0,110.0,34.0,1823.8166666666666,0.5263686956839595,1.1185334783284138,1.6449021740123733,0.27900248002204464,3.9319195412760535,1.0856354348481665,3.618784782827221,13.027625218177997,0,78,23.382264957264958,0.3988338933204303,1.3321302318196138
Mid-Career (4 - 5 Years) - Assists (82 Games),Aliaksei Protas,WSH,C,4,7.146815904503185,14.990328446518523,19.534630138975373,40.97356442048397,8481656,2024,3.0,0.0,20.0,30.0,0.0,0.0,19.0,20.0,5.0,1.0,50.0,66.0,2.0,1.0,19.0,25.0,22.0,0.0,205.0,250.0,2.03,0.0,14.44,21.73,6876.0,571.0,64351.0,75040.0,0.0,2.0,24.0,33.0,36.0,1250.6666666666667,1.439232409381663,1.7270788912579957,3.166311300639659,0.807819614302808,6.304728546409807,0.9594882729211087,1.5831556503198294,11.993603411513858,4,76,16.456140350877195,0.868589566218937,1.8218522845448948
Mid-Career (4 - 5 Years) - Assists (82 Games),Seth Jarvis,CAR,C,4,11.444145203374838,14.636502112240848,31.280663555891223,40.006439106791646,8482093,2024,5.0,7.0,13.0,32.0,5.0,6.0,81.0,93.0,7.0,19.0,31.0,67.0,2.0,8.0,11.0,22.0,28.0,76.0,261.0,392.0,2.32,5.95,16.66,30.81,7962.0,14214.0,57928.0,84779.0,0.0,11.0,34.0,51.0,35.0,1412.9833333333333,1.358827068023921,1.4862171056511635,2.8450441736750847,1.0353542328407679,4.812157028281975,3.94909116644452,2.165630639663124,16.64563158329303,4,73,19.35593607305936,1.1824946269897447,1.5123528055677682
Mid-Career (4 - 5 Years) - Assists (82 Games),Kent Johnson,CBJ,C,4,9.216441856664517,14.058260802200207,25.191607741549678,38.425912859347235,8482660,2024,1.0,4.0,19.0,24.0,0.0,0.0,3.0,3.0,3.0,15.0,37.0,57.0,1.0,8.0,8.0,17.0,5.0,35.0,193.0,258.0,0.33,2.1,10.24,14.44,1994.0,9938.0,56125.0,70559.0,0.0,1.0,23.0,29.0,33.0,1175.9833333333333,1.2245071500446436,1.6836973313113848,2.9082044813560284,0.6568195991091315,5.433688871000202,0.15306339375558045,1.4796128063039442,13.163451862979917,4,68,17.293872549019607,1.0658621231931071,1.6258083043403917
Mid-Career (4 - 5 Years) - Assists (82 Games),William Eklund,SJS,L,4,8.444220223375721,13.28098591733723,23.080868610560305,36.30136150738843,8482667,2024,1.0,3.0,9.0,17.0,2.0,2.0,48.0,54.0,3.0,10.0,33.0,58.0,2.0,4.0,17.0,28.0,9.0,67.0,211.0,324.0,0.23,4.8,12.18,22.93,5391.0,11452.0,67744.0,90336.0,0.0,7.0,36.0,46.0,41.0,1505.6,0.6774707757704569,1.6339001062699257,2.3113708820403827,0.6472602739726028,3.1435557107928744,2.1519659936238047,1.833156216790648,12.911795961742826,4,77,19.553246753246754,0.863715405419674,1.3584430335214754
Veterans (6 + Years) - Goals (30 Games),Alex Ovechkin,WSH,L,15,16.05984411450785,13.548113693533216,43.89690724632146,37.031510762324125,8471214,2024,0.0,11.0,21.0,44.0,0.0,3.0,102.0,110.0,0.0,19.0,38.0,73.0,0.0,3.0,12.0,19.0,0.0,148.0,302.0,508.0,0.0,8.47,12.95,31.07,57.0,15589.0,50344.0,69125.0,0.0,0.0,11.0,13.0,29.0,1152.0833333333333,2.2915009041591317,1.5103074141048825,3.801808318264014,0.9260289210233591,4.387709282186157,5.72875226039783,0.6770343580470163,26.45641952983725,4,65,17.724358974358974,1.8121777084001625,1.528756409541542
Veterans (6 + Years) - Goals (30 Games),Elias Pettersson,VAN,C,7,15.97906657170226,29.232563538655842,43.67611529598618,79.90234033899263,8480012,2024,0.0,6.0,7.0,15.0,1.0,0.0,71.0,74.0,0.0,14.0,23.0,45.0,0.0,6.0,8.0,19.0,3.0,65.0,159.0,251.0,0.28,2.66,8.17,13.01,2430.0,11252.0,53633.0,71656.0,0.0,4.0,64.0,77.0,30.0,1194.2666666666667,0.7536005358937145,1.507201071787429,2.260801607681143,0.5483937128260586,4.479203697120512,3.7177626437423243,3.8684827509210673,12.610248967288154,4,28,42.65238095238095,0.7492696170721167,1.370735367448415
Veterans (6 + Years) - Goals (30 Games),Leon Draisaitl,EDM,C,11,15.755561149261371,23.680372304340306,43.065200474647746,64.72635096519684,8477934,2024,0.0,14.0,23.0,52.0,0.0,0.0,21.0,23.0,0.0,30.0,53.0,106.0,0.0,7.0,20.0,30.0,1.0,102.0,249.0,417.0,0.02,8.12,13.63,31.42,281.0,13471.0,72319.0,91664.0,0.0,0.0,25.0,27.0,54.0,1527.7333333333333,2.0422412288357483,2.1207889684063534,4.163030197242101,0.678493895103638,8.017222180981369,0.9032990050619655,1.0603944842031767,16.377203700471288,4,71,21.51737089201878,1.4644503948301064,2.201046998090629
Veterans (6 + Years) - Goals (30 Games),Nathan MacKinnon,COL,C,12,14.614657051611537,31.24888725892568,39.94672927440487,85.41362517439686,8477492,2024,0.0,8.0,15.0,32.0,0.0,2.0,34.0,38.0,0.0,35.0,53.0,116.0,0.0,16.0,23.0,53.0,0.0,117.0,398.0,590.0,0.0,5.03,17.95,29.52,202.0,17266.0,82638.0,107989.0,0.0,1.0,51.0,58.0,84.0,1799.8166666666666,1.0667753197084888,2.800285214234783,3.8670605339432718,0.7819647135700283,7.297579057106452,1.2667956921538306,1.9335302669716359,19.668669957125264,4,79,22.782489451476792,1.2829727921295446,2.7432372854143985
Veterans (6 + Years) - Goals (30 Games),David Pastrnak,BOS,R,11,14.021165954407726,23.69710286203627,38.32452027538112,64.77208115623247,8477956,2024,0.0,7.0,25.0,43.0,0.0,2.0,53.0,58.0,0.0,19.0,66.0,106.0,0.0,5.0,30.0,45.0,0.0,142.0,405.0,624.0,0.0,5.97,16.74,30.39,151.0,16126.0,77678.0,99316.0,0.0,0.0,20.0,24.0,63.0,1655.2666666666667,1.558661242901446,2.283619960530025,3.8422812034314715,0.7758181209608898,4.24159742031502,2.1023802811228807,0.8699504611542954,22.61871199001168,4,82,20.18617886178862,1.3891847536285393,2.3478542446578285
Veterans (6 + Years) - Goals (30 Games),Auston Matthews,TOR,C,9,13.965238480670871,15.35697291343478,38.17165184716705,41.9757259633884,8479318,2024,2.0,10.0,15.0,33.0,0.0,0.0,43.0,45.0,2.0,24.0,38.0,78.0,0.0,8.0,14.0,27.0,10.0,103.0,310.0,480.0,0.75,10.61,19.43,41.05,6200.0,11530.0,58539.0,82298.0,0.0,13.0,64.0,89.0,45.0,1371.6333333333334,1.4435344722836523,1.9684560985686166,3.4119905708522684,1.1948957105519398,7.493495229835212,1.9684560985686166,3.8931687282801524,20.996865051398576,4,67,20.47213930348259,1.3643164765194027,1.5002802282438896
Veterans (6 + Years) - Goals (30 Games),Nikita Kucherov,TBL,R,11,13.927016193444494,29.674597450250722,38.06717759541495,81.11056636401864,8476453,2024,0.0,6.0,24.0,37.0,0.0,3.0,19.0,23.0,0.0,39.0,61.0,121.0,0.0,20.0,23.0,56.0,0.0,115.0,371.0,550.0,0.0,4.46,17.02,27.03,21.0,16575.0,77178.0,99167.0,0.0,0.0,31.0,33.0,84.0,1652.7833333333333,1.3431887623907146,3.0494015146167577,4.392590277007472,0.7939049988338646,8.470588235294118,0.8349551766212551,1.1979791664565833,19.966319440943057,4,78,21.189529914529913,1.314518656111816,2.800873598418292
Veterans (6 + Years) - Goals (30 Games),Kyle Connor,WPG,L,9,13.76507604266616,16.857829959693614,37.624541183287505,46.07806855649588,8478398,2024,1.0,6.0,26.0,41.0,1.0,1.0,19.0,21.0,1.0,24.0,51.0,97.0,0.0,8.0,14.0,31.0,10.0,86.0,327.0,484.0,0.98,6.16,17.5,30.19,3828.0,12864.0,78289.0,100342.0,0.0,6.0,34.0,46.0,56.0,1672.3666666666666,1.4709692850451457,2.0091287795738575,3.480098064619003,0.8047107511910996,6.7164179104477615,0.7534232923401964,1.6503557832213829,17.364613023459768,4,82,20.39471544715447,1.3498669376715136,1.6531566722148767
Veterans (6 + Years) - Goals (30 Games),Mikko Rantanen,DAL,R,10,13.593062329605553,15.115863250918126,37.15437036758851,41.316692885842876,8478420,2024,0.0,10.0,12.0,32.0,0.0,4.0,41.0,48.0,0.0,24.0,39.0,88.0,0.0,6.0,19.0,34.0,0.0,118.0,276.0,444.0,0.0,8.7,18.58,36.26,60.0,18046.0,79609.0,104546.0,0.0,0.0,43.0,44.0,56.0,1742.4333333333334,1.101907294396725,1.9283377651942686,3.0302450595909938,0.8402065093142734,4.787764601573756,1.6528609415950875,1.5151225297954969,15.288963709754558,4,82,21.24918699186992,1.2793959914613533,1.4227239147268604
Veterans (6 + Years) - Goals (30 Games),Artemi Panarin,NYR,L,10,13.471606015782438,16.382627754255946,36.822389776471994,44.779182528299586,8478550,2024,0.0,6.0,25.0,37.0,0.0,1.0,17.0,18.0,0.0,24.0,55.0,89.0,0.0,8.0,15.0,27.0,1.0,145.0,355.0,586.0,0.04,5.76,12.75,25.37,84.0,13927.0,74997.0,94479.0,0.0,0.0,9.0,11.0,52.0,1574.65,1.4098371066586226,1.9813926904391455,3.391229797097768,0.6120244809792391,6.203776836361025,0.6858667005366272,0.41914076143904994,22.32877147302575,4,80,19.683125,1.3688482916998634,1.6646368657675998
Veterans (6 + Years) - Assists (30 Games),Nathan MacKinnon,COL,C,12,14.614657051611537,31.24888725892568,39.94672927440487,85.41362517439686,8477492,2024,0.0,8.0,15.0,32.0,0.0,2.0,34.0,38.0,0.0,35.0,53.0,116.0,0.0,16.0,23.0,53.0,0.0,117.0,398.0,590.0,0.0,5.03,17.95,29.52,202.0,17266.0,82638.0,107989.0,0.0,1.0,51.0,58.0,84.0,1799.8166666666666,1.0667753197084888,2.800285214234783,3.8670605339432718,0.7819647135700283,7.297579057106452,1.2667956921538306,1.9335302669716359,19.668669957125264,4,79,22.782489451476792,1.2829727921295446,2.7432372854143985
Veterans (6 + Years) - Assists (30 Games),Nikita Kucherov,TBL,R,11,13.927016193444494,29.674597450250722,38.06717759541495,81.11056636401864,8476453,2024,0.0,6.0,24.0,37.0,0.0,3.0,19.0,23.0,0.0,39.0,61.0,121.0,0.0,20.0,23.0,56.0,0.0,115.0,371.0,550.0,0.0,4.46,17.02,27.03,21.0,16575.0,77178.0,99167.0,0.0,0.0,31.0,33.0,84.0,1652.7833333333333,1.3431887623907146,3.0494015146167577,4.392590277007472,0.7939049988338646,8.470588235294118,0.8349551766212551,1.1979791664565833,19.966319440943057,4,78,21.189529914529913,1.314518656111816,2.800873598418292
Veterans (6 + Years) - Assists (30 Games),Elias Pettersson,VAN,C,7,15.97906657170226,29.232563538655842,43.67611529598618,79.90234033899263,8480012,2024,0.0,6.0,7.0,15.0,1.0,0.0,71.0,74.0,0.0,14.0,23.0,45.0,0.0,6.0,8.0,19.0,3.0,65.0,159.0,251.0,0.28,2.66,8.17,13.01,2430.0,11252.0,53633.0,71656.0,0.0,4.0,64.0,77.0,30.0,1194.2666666666667,0.7536005358937145,1.507201071787429,2.260801607681143,0.5483937128260586,4.479203697120512,3.7177626437423243,3.8684827509210673,12.610248967288154,4,28,42.65238095238095,0.7492696170721167,1.370735367448415
Veterans (6 + Years) - Assists (30 Games),Connor McDavid,EDM,C,10,12.430614758277882,27.089774787905387,33.977013672626214,74.04538442027473,8478402,2024,0.0,8.0,15.0,26.0,0.0,1.0,37.0,40.0,0.0,27.0,51.0,100.0,0.0,15.0,23.0,50.0,0.0,82.0,259.0,370.0,0.0,6.67,17.14,26.91,322.0,12726.0,70524.0,88566.0,0.0,0.0,11.0,18.0,74.0,1476.1,1.0568389675496241,3.007926292256622,4.064765259806246,0.8749361919346607,7.637906647807638,1.6259061039224985,0.7316577467651243,15.039631461283111,4,67,22.03134328358209,1.1284481929471148,2.459203185136049
Veterans (6 + Years) - Assists (30 Games),Mitch Marner,TOR,R,9,8.992925587837428,24.767224341110744,24.580663273422307,67.6970798657027,8478483,2024,1.0,5.0,15.0,27.0,1.0,0.0,45.0,49.0,2.0,30.0,50.0,102.0,1.0,16.0,19.0,47.0,19.0,69.0,260.0,393.0,1.53,4.05,10.71,23.73,9742.0,13820.0,72408.0,103593.0,1.0,2.0,29.0,40.0,75.0,1726.55,0.9382873360169124,2.6063537111580897,3.5446410471750025,0.5324825986078886,7.814761215629523,1.7028177579566186,1.3900553126176478,13.65729344646839,4,81,21.31543209876543,0.8437948192810306,2.3238772947554027
Veterans (6 + Years) - Assists (30 Games),David Pastrnak,BOS,R,11,14.021165954407726,23.69710286203627,38.32452027538112,64.77208115623247,8477956,2024,0.0,7.0,25.0,43.0,0.0,2.0,53.0,58.0,0.0,19.0,66.0,106.0,0.0,5.0,30.0,45.0,0.0,142.0,405.0,624.0,0.0,5.97,16.74,30.39,151.0,16126.0,77678.0,99316.0,0.0,0.0,20.0,24.0,63.0,1655.2666666666667,1.558661242901446,2.283619960530025,3.8422812034314715,0.7758181209608898,4.24159742031502,2.1023802811228807,0.8699504611542954,22.61871199001168,4,82,20.18617886178862,1.3891847536285393,2.3478542446578285
Veterans (6 + Years) - Assists (30 Games),Leon Draisaitl,EDM,C,11,15.755561149261371,23.680372304340306,43.065200474647746,64.72635096519684,8477934,2024,0.0,14.0,23.0,52.0,0.0,0.0,21.0,23.0,0.0,30.0,53.0,106.0,0.0,7.0,20.0,30.0,1.0,102.0,249.0,417.0,0.02,8.12,13.63,31.42,281.0,13471.0,72319.0,91664.0,0.0,0.0,25.0,27.0,54.0,1527.7333333333333,2.0422412288357483,2.1207889684063534,4.163030197242101,0.678493895103638,8.017222180981369,0.9032990050619655,1.0603944842031767,16.377203700471288,4,71,21.51737089201878,1.4644503948301064,2.201046998090629
Veterans (6 + Years) - Assists (30 Games),Quinn Hughes,VAN,D,7,7.094118081928863,23.541153367336882,19.39058942393889,64.34581920405415,8480800,2024,0.0,4.0,10.0,16.0,0.0,0.0,13.0,13.0,0.0,27.0,35.0,76.0,0.0,12.0,17.0,34.0,0.0,99.0,348.0,493.0,0.0,1.68,4.89,8.9,767.0,14248.0,84538.0,104975.0,4.0,0.0,56.0,67.0,60.0,1749.5833333333333,0.5487020719218862,2.057632769707073,2.6063348416289593,0.20823771558352458,6.822010106681639,0.4458204334365325,2.2976899261728985,16.90688259109312,4,68,25.729166666666664,0.5514456160851586,1.8299196139792233
Veterans (6 + Years) - Assists (30 Games),Jack Eichel,VGK,C,10,11.542507552540297,22.791591364065827,31.549520643610148,62.29701639511326,8478403,2024,1.0,5.0,20.0,28.0,0.0,1.0,20.0,22.0,2.0,32.0,47.0,94.0,1.0,9.0,13.0,27.0,10.0,80.0,272.0,403.0,0.94,6.12,14.95,26.32,6723.0,12441.0,70132.0,94865.0,2.0,10.0,37.0,55.0,66.0,1581.0833333333333,1.062562588942181,2.5046118167922837,3.5671744057344648,0.7674100268065933,9.25970581142995,0.8348706055974279,2.08717651399357,15.293311547989246,4,77,20.533549783549784,1.1242583648919238,2.2199367965421204
Veterans (6 + Years) - Assists (30 Games),Jesper Bratt,NJD,L,8,6.85703246182095,21.672478437478745,18.74255539564393,59.23810772910857,8479407,2024,1.0,4.0,12.0,21.0,3.0,4.0,84.0,96.0,3.0,28.0,41.0,88.0,2.0,9.0,19.0,36.0,15.0,58.0,275.0,391.0,1.3,4.83,13.4,26.19,7281.0,13190.0,66077.0,92088.0,0.0,5.0,35.0,42.0,67.0,1534.8,0.8209538702111024,2.619233776387803,3.4401876465989054,0.7300573573255444,7.642153146322971,3.7529319781078967,1.6419077404222049,15.285379202501955,4,81,18.948148148148146,0.7237680862750807,2.2875563636119085
Veterans (6 + Years) - Goals (82 Games),Alex Ovechkin,WSH,L,15,16.05984411450785,13.548113693533216,43.89690724632146,37.031510762324125,8471214,2024,0.0,11.0,21.0,44.0,0.0,3.0,102.0,110.0,0.0,19.0,38.0,73.0,0.0,3.0,12.0,19.0,0.0,148.0,302.0,508.0,0.0,8.47,12.95,31.07,57.0,15589.0,50344.0,69125.0,0.0,0.0,11.0,13.0,29.0,1152.0833333333333,2.2915009041591317,1.5103074141048825,3.801808318264014,0.9260289210233591,4.387709282186157,5.72875226039783,0.6770343580470163,26.45641952983725,4,65,17.724358974358974,1.8121777084001625,1.528756409541542
Veterans (6 + Years) - Goals (82 Games),Elias Pettersson,VAN,C,7,15.97906657170226,29.232563538655842,43.67611529598618,79.90234033899263,8480012,2024,0.0,6.0,7.0,15.0,1.0,0.0,71.0,74.0,0.0,14.0,23.0,45.0,0.0,6.0,8.0,19.0,3.0,65.0,159.0,251.0,0.28,2.66,8.17,13.01,2430.0,11252.0,53633.0,71656.0,0.0,4.0,64.0,77.0,30.0,1194.2666666666667,0.7536005358937145,1.507201071787429,2.260801607681143,0.5483937128260586,4.479203697120512,3.7177626437423243,3.8684827509210673,12.610248967288154,4,28,42.65238095238095,0.7492696170721167,1.370735367448415
Veterans (6 + Years) - Goals (82 Games),Leon Draisaitl,EDM,C,11,15.755561149261371,23.680372304340306,43.065200474647746,64.72635096519684,8477934,2024,0.0,14.0,23.0,52.0,0.0,0.0,21.0,23.0,0.0,30.0,53.0,106.0,0.0,7.0,20.0,30.0,1.0,102.0,249.0,417.0,0.02,8.12,13.63,31.42,281.0,13471.0,72319.0,91664.0,0.0,0.0,25.0,27.0,54.0,1527.7333333333333,2.0422412288357483,2.1207889684063534,4.163030197242101,0.678493895103638,8.017222180981369,0.9032990050619655,1.0603944842031767,16.377203700471288,4,71,21.51737089201878,1.4644503948301064,2.201046998090629
Veterans (6 + Years) - Goals (82 Games),Nathan MacKinnon,COL,C,12,14.614657051611537,31.24888725892568,39.94672927440487,85.41362517439686,8477492,2024,0.0,8.0,15.0,32.0,0.0,2.0,34.0,38.0,0.0,35.0,53.0,116.0,0.0,16.0,23.0,53.0,0.0,117.0,398.0,590.0,0.0,5.03,17.95,29.52,202.0,17266.0,82638.0,107989.0,0.0,1.0,51.0,58.0,84.0,1799.8166666666666,1.0667753197084888,2.800285214234783,3.8670605339432718,0.7819647135700283,7.297579057106452,1.2667956921538306,1.9335302669716359,19.668669957125264,4,79,22.782489451476792,1.2829727921295446,2.7432372854143985
Veterans (6 + Years) - Goals (82 Games),David Pastrnak,BOS,R,11,14.021165954407726,23.69710286203627,38.32452027538112,64.77208115623247,8477956,2024,0.0,7.0,25.0,43.0,0.0,2.0,53.0,58.0,0.0,19.0,66.0,106.0,0.0,5.0,30.0,45.0,0.0,142.0,405.0,624.0,0.0,5.97,16.74,30.39,151.0,16126.0,77678.0,99316.0,0.0,0.0,20.0,24.0,63.0,1655.2666666666667,1.558661242901446,2.283619960530025,3.8422812034314715,0.7758181209608898,4.24159742031502,2.1023802811228807,0.8699504611542954,22.61871199001168,4,82,20.18617886178862,1.3891847536285393,2.3478542446578285
Veterans (6 + Years) - Goals (82 Games),Auston Matthews,TOR,C,9,13.965238480670871,15.35697291343478,38.17165184716705,41.9757259633884,8479318,2024,2.0,10.0,15.0,33.0,0.0,0.0,43.0,45.0,2.0,24.0,38.0,78.0,0.0,8.0,14.0,27.0,10.0,103.0,310.0,480.0,0.75,10.61,19.43,41.05,6200.0,11530.0,58539.0,82298.0,0.0,13.0,64.0,89.0,45.0,1371.6333333333334,1.4435344722836523,1.9684560985686166,3.4119905708522684,1.1948957105519398,7.493495229835212,1.9684560985686166,3.8931687282801524,20.996865051398576,4,67,20.47213930348259,1.3643164765194027,1.5002802282438896
Veterans (6 + Years) - Goals (82 Games),Nikita Kucherov,TBL,R,11,13.927016193444494,29.674597450250722,38.06717759541495,81.11056636401864,8476453,2024,0.0,6.0,24.0,37.0,0.0,3.0,19.0,23.0,0.0,39.0,61.0,121.0,0.0,20.0,23.0,56.0,0.0,115.0,371.0,550.0,0.0,4.46,17.02,27.03,21.0,16575.0,77178.0,99167.0,0.0,0.0,31.0,33.0,84.0,1652.7833333333333,1.3431887623907146,3.0494015146167577,4.392590277007472,0.7939049988338646,8.470588235294118,0.8349551766212551,1.1979791664565833,19.966319440943057,4,78,21.189529914529913,1.314518656111816,2.800873598418292
Veterans (6 + Years) - Goals (82 Games),Kyle Connor,WPG,L,9,13.76507604266616,16.857829959693614,37.624541183287505,46.07806855649588,8478398,2024,1.0,6.0,26.0,41.0,1.0,1.0,19.0,21.0,1.0,24.0,51.0,97.0,0.0,8.0,14.0,31.0,10.0,86.0,327.0,484.0,0.98,6.16,17.5,30.19,3828.0,12864.0,78289.0,100342.0,0.0,6.0,34.0,46.0,56.0,1672.3666666666666,1.4709692850451457,2.0091287795738575,3.480098064619003,0.8047107511910996,6.7164179104477615,0.7534232923401964,1.6503557832213829,17.364613023459768,4,82,20.39471544715447,1.3498669376715136,1.6531566722148767
Veterans (6 + Years) - Goals (82 Games),Mikko Rantanen,DAL,R,10,13.593062329605553,15.115863250918126,37.15437036758851,41.316692885842876,8478420,2024,0.0,10.0,12.0,32.0,0.0,4.0,41.0,48.0,0.0,24.0,39.0,88.0,0.0,6.0,19.0,34.0,0.0,118.0,276.0,444.0,0.0,8.7,18.58,36.26,60.0,18046.0,79609.0,104546.0,0.0,0.0,43.0,44.0,56.0,1742.4333333333334,1.101907294396725,1.9283377651942686,3.0302450595909938,0.8402065093142734,4.787764601573756,1.6528609415950875,1.5151225297954969,15.288963709754558,4,82,21.24918699186992,1.2793959914613533,1.4227239147268604
Veterans (6 + Years) - Goals (82 Games),Artemi Panarin,NYR,L,10,13.471606015782438,16.382627754255946,36.822389776471994,44.779182528299586,8478550,2024,0.0,6.0,25.0,37.0,0.0,1.0,17.0,18.0,0.0,24.0,55.0,89.0,0.0,8.0,15.0,27.0,1.0,145.0,355.0,586.0,0.04,5.76,12.75,25.37,84.0,13927.0,74997.0,94479.0,0.0,0.0,9.0,11.0,52.0,1574.65,1.4098371066586226,1.9813926904391455,3.391229797097768,0.6120244809792391,6.203776836361025,0.6858667005366272,0.41914076143904994,22.32877147302575,4,80,19.683125,1.3688482916998634,1.6646368657675998
Veterans (6 + Years) - Assists (82 Games),Nathan MacKinnon,COL,C,12,14.614657051611537,31.24888725892568,39.94672927440487,85.41362517439686,8477492,2024,0.0,8.0,15.0,32.0,0.0,2.0,34.0,38.0,0.0,35.0,53.0,116.0,0.0,16.0,23.0,53.0,0.0,117.0,398.0,590.0,0.0,5.03,17.95,29.52,202.0,17266.0,82638.0,107989.0,0.0,1.0,51.0,58.0,84.0,1799.8166666666666,1.0667753197084888,2.800285214234783,3.8670605339432718,0.7819647135700283,7.297579057106452,1.2667956921538306,1.9335302669716359,19.668669957125264,4,79,22.782489451476792,1.2829727921295446,2.7432372854143985
Veterans (6 + Years) - Assists (82 Games),Nikita Kucherov,TBL,R,11,13.927016193444494,29.674597450250722,38.06717759541495,81.11056636401864,8476453,2024,0.0,6.0,24.0,37.0,0.0,3.0,19.0,23.0,0.0,39.0,61.0,121.0,0.0,20.0,23.0,56.0,0.0,115.0,371.0,550.0,0.0,4.46,17.02,27.03,21.0,16575.0,77178.0,99167.0,0.0,0.0,31.0,33.0,84.0,1652.7833333333333,1.3431887623907146,3.0494015146167577,4.392590277007472,0.7939049988338646,8.470588235294118,0.8349551766212551,1.1979791664565833,19.966319440943057,4,78,21.189529914529913,1.314518656111816,2.800873598418292
Veterans (6 + Years) - Assists (82 Games),Elias Pettersson,VAN,C,7,15.97906657170226,29.232563538655842,43.67611529598618,79.90234033899263,8480012,2024,0.0,6.0,7.0,15.0,1.0,0.0,71.0,74.0,0.0,14.0,23.0,45.0,0.0,6.0,8.0,19.0,3.0,65.0,159.0,251.0,0.28,2.66,8.17,13.01,2430.0,11252.0,53633.0,71656.0,0.0,4.0,64.0,77.0,30.0,1194.2666666666667,0.7536005358937145,1.507201071787429,2.260801607681143,0.5483937128260586,4.479203697120512,3.7177626437423243,3.8684827509210673,12.610248967288154,4,28,42.65238095238095,0.7492696170721167,1.370735367448415
Veterans (6 + Years) - Assists (82 Games),Connor McDavid,EDM,C,10,12.430614758277882,27.089774787905387,33.977013672626214,74.04538442027473,8478402,2024,0.0,8.0,15.0,26.0,0.0,1.0,37.0,40.0,0.0,27.0,51.0,100.0,0.0,15.0,23.0,50.0,0.0,82.0,259.0,370.0,0.0,6.67,17.14,26.91,322.0,12726.0,70524.0,88566.0,0.0,0.0,11.0,18.0,74.0,1476.1,1.0568389675496241,3.007926292256622,4.064765259806246,0.8749361919346607,7.637906647807638,1.6259061039224985,0.7316577467651243,15.039631461283111,4,67,22.03134328358209,1.1284481929471148,2.459203185136049
Veterans (6 + Years) - Assists (82 Games),Mitch Marner,TOR,R,9,8.992925587837428,24.767224341110744,24.580663273422307,67.6970798657027,8478483,2024,1.0,5.0,15.0,27.0,1.0,0.0,45.0,49.0,2.0,30.0,50.0,102.0,1.0,16.0,19.0,47.0,19.0,69.0,260.0,393.0,1.53,4.05,10.71,23.73,9742.0,13820.0,72408.0,103593.0,1.0,2.0,29.0,40.0,75.0,1726.55,0.9382873360169124,2.6063537111580897,3.5446410471750025,0.5324825986078886,7.814761215629523,1.7028177579566186,1.3900553126176478,13.65729344646839,4,81,21.31543209876543,0.8437948192810306,2.3238772947554027
Veterans (6 + Years) - Assists (82 Games),David Pastrnak,BOS,R,11,14.021165954407726,23.69710286203627,38.32452027538112,64.77208115623247,8477956,2024,0.0,7.0,25.0,43.0,0.0,2.0,53.0,58.0,0.0,19.0,66.0,106.0,0.0,5.0,30.0,45.0,0.0,142.0,405.0,624.0,0.0,5.97,16.74,30.39,151.0,16126.0,77678.0,99316.0,0.0,0.0,20.0,24.0,63.0,1655.2666666666667,1.558661242901446,2.283619960530025,3.8422812034314715,0.7758181209608898,4.24159742031502,2.1023802811228807,0.8699504611542954,22.61871199001168,4,82,20.18617886178862,1.3891847536285393,2.3478542446578285
Veterans (6 + Years) - Assists (82 Games),Leon Draisaitl,EDM,C,11,15.755561149261371,23.680372304340306,43.065200474647746,64.72635096519684,8477934,2024,0.0,14.0,23.0,52.0,0.0,0.0,21.0,23.0,0.0,30.0,53.0,106.0,0.0,7.0,20.0,30.0,1.0,102.0,249.0,417.0,0.02,8.12,13.63,31.42,281.0,13471.0,72319.0,91664.0,0.0,0.0,25.0,27.0,54.0,1527.7333333333333,2.0422412288357483,2.1207889684063534,4.163030197242101,0.678493895103638,8.017222180981369,0.9032990050619655,1.0603944842031767,16.377203700471288,4,71,21.51737089201878,1.4644503948301064,2.201046998090629
Veterans (6 + Years) - Assists (82 Games),Quinn Hughes,VAN,D,7,7.094118081928863,23.541153367336882,19.39058942393889,64.34581920405415,8480800,2024,0.0,4.0,10.0,16.0,0.0,0.0,13.0,13.0,0.0,27.0,35.0,76.0,0.0,12.0,17.0,34.0,0.0,99.0,348.0,493.0,0.0,1.68,4.89,8.9,767.0,14248.0,84538.0,104975.0,4.0,0.0,56.0,67.0,60.0,1749.5833333333333,0.5487020719218862,2.057632769707073,2.6063348416289593,0.20823771558352458,6.822010106681639,0.4458204334365325,2.2976899261728985,16.90688259109312,4,68,25.729166666666664,0.5514456160851586,1.8299196139792233
Veterans (6 + Years) - Assists (82 Games),Jack Eichel,VGK,C,10,11.542507552540297,22.791591364065827,31.549520643610148,62.29701639511326,8478403,2024,1.0,5.0,20.0,28.0,0.0,1.0,20.0,22.0,2.0,32.0,47.0,94.0,1.0,9.0,13.0,27.0,10.0,80.0,272.0,403.0,0.94,6.12,14.95,26.32,6723.0,12441.0,70132.0,94865.0,2.0,10.0,37.0,55.0,66.0,1581.0833333333333,1.062562588942181,2.5046118167922837,3.5671744057344648,0.7674100268065933,9.25970581142995,0.8348706055974279,2.08717651399357,15.293311547989246,4,77,20.533549783549784,1.1242583648919238,2.2199367965421204
Veterans (6 + Years) - Assists (82 Games),Jesper Bratt,NJD,L,8,6.85703246182095,21.672478437478745,18.74255539564393,59.23810772910857,8479407,2024,1.0,4.0,12.0,21.0,3.0,4.0,84.0,96.0,3.0,28.0,41.0,88.0,2.0,9.0,19.0,36.0,15.0,58.0,275.0,391.0,1.3,4.83,13.4,26.19,7281.0,13190.0,66077.0,92088.0,0.0,5.0,35.0,42.0,67.0,1534.8,0.8209538702111024,2.619233776387803,3.4401876465989054,0.7300573573255444,7.642153146322971,3.7529319781078967,1.6419077404222049,15.285379202501955,4,81,18.948148148148146,0.7237680862750807,2.2875563636119085
